,blacklist
0,detected error
1,initiated Requests
2,perform banking
3,Protect Yourself
4,Visit Policy
5,reveive icon
6,protecting concern
7,activate PowerSeller
8,agreed number
9,compromised account
10,confirm account
11,featuring Networking
12,protecting security
13,verify payment
14,update recordson
15,maintain profile
16,received tablet
17,use eBay
18,valued member
19,selling strategies
20,resolved issue
21,using http://www
22,apologize Bank
23,sorting information
24,receive verification
25,follow link
26,Track answers
27,combat fraud
28,contacted us
29,perform steps
30,Suspended member
31,review preferences
32,request data
33,enter password
34,terminated account
35,authenticate information
36,update profile
37,forced we
38,verify Click
39,registered you
40,notified we
41,Update Information
42,inform ation
43,process request
44,receive right
45,Verify identity
46,complete verification
47,Thank patience
48,access account
49,grow Membership
50,notified us
51,access website
52,includes registering
53,received Document
54,identified activity
55,keep eBay
56,protecting yourself
57,complete process
58,includes update
59,request copies
60,share way
61,received notice
62,represent 0Aoneself
63,Update Verification
64,have choice
65,protect Regards
66,inform you
67,share password
68,contains services
69,visiting Center
70,Submiting inability
71,Verify Encryption
72,featuring certificate
73,phishing activity
74,Visit link
75,allowed access
76,noticed attempts
77,Protecting computer
78,As activity
79,update ID
80,suspended account
81,celebrate success
82,commit fraud
83,give password
84,confirm records
85,sent email
86,open window
87,keep everyone
88,subjected accounts
89,open investigation
90,bother you
91,protect Center
92,reviewed account
93,protect information
94,notify you
95,complete form
96,submitted Bank
97,protect security
98,contact eBay
99,Verify Account
100,protect account
101,suspended membership
102,follow https://www
103,clicking Spam
104,keep place
105,send email
106,represent oneself
107,recieved email
108,unlock card
109,Suspended Account
110,Ignoring message
111,requires Number
112,designed Policy
113,remind you
114,contacting you
115,confirmed account
116,protected you
117,notified message
118,hijacked account
119,Upgrade Bank
120,receive communications
121,fill information
122,update preferences
123,issue warning
124,ignore request
125,follow the
126,provide you
127,protect password
128,safeguards account
129,require completion
130,restricting Checking
131,provided us
132,reviewing information
133,notifying us
134,provided Information
135,misappropriate information
136,open browser
137,changed information
138,UPDATE Management
139,update information
140,clicking link
141,visit Protection
142,update records
143,confirm identity
144,interrupted session
145,Update account
146,used account
147,have access
148,contacted we
149,Confirm customer
150,expedited process
151,valued Help
152,restore records
153,notified We
154,Update Records
155,received reply
156,reach you
157,restricting USAA
158,Protect Password
159,Thank you
160,disregard message
161,prevented access
162,Protecting security
163,resolve problems
164,limited access
165,visit Center
166,limit access
167,maintain integrity
168,submitted information
169,change Preferences
170,Check balance
171,Confirm records
172,complete steps
173,enable us
174,encrypts information
175,update accordance
176,displayed graphics
177,update qrtw
178,protecting privacy
179,maintains level
180,access accounts
181,Track buying
182,choose link
183,receive notifications
184,restore access
185,confirm information
186,give update
187,Enter information
188,enrolled your
189,using com/
190,relieve you
191,reactivated account
192,expand services
193,using Username
194,verify option
195,completed measures
196,Thank your
197,send message
198,cause loss
199,noticed issue
200,suspend registration
201,follow instructions
202,receive message
203,runIgnoring request
204,provided information
205,keep you
206,directed site
207,prosecuted perpetrators
208,suspend account
209,accessed systems
210,committed providers
211,leave choise
212,selling help
213,envite you
214,provided 0AInformation
215,detected account
216,secure account
217,improve provider
218,keeping accounts
219,treats information
220,changed number
221,increase level
222,expired account
223,planning visit
224,terminate membership
225,access eBay
226,resolve matter
227,using eBay
228,selling activityDiscussion
229,require assistance
230,provide services
231,save Code
232,verify information
233,update account
234,contact you
235,apear icon
236,Validate Account
237,provided you
238,leave choice
239,initiated log
240,prohibited you
241,deleted Click
242,protect yourself
243,speed process
244,receive email
245,Verify Welcome
246,verify activity
247,located eBay
248,enter information
249,Click link
250,provide information
251,view policy
252,using theory
253,reserve right
254,Ignoring request
255,maintain account
256,noticed activity
257,committed PayPal
258,terminate privileges
259,review paypal
260,received mail
261,resolve process
262,updated information
263,contains information
264,using protocol
265,provide password
266,directed you
267,receive support
268,received note
269,operates Fund
270,receive information
271,clicking http://ebay-update-billing-account.com
272,require information
273,reported card
274,update Notice
275,confirmed information
276,restored access
277,updating information
278,resolved problems
279,verify identity
280,invites users
281,given notice
282,constitutes acceptance
283,using PayPal
284,ask users
285,verify account
286,noticed attempt
287,use browser
288,change preferences
289,using Bank
290,send information
291,received message
292,scan systems
293,subscribed You
294,thank you
295,prosecuted impersonators
296,communicated information
297,complete Click
298,update Resources
299,has access
300,encourage you
301,updated records
302,suspended it
303,assist enforcement
304,access form
305,using http://wwwebaycom
306,see you
307,screen system
308,require confirmation
309,confirm activity
310,need information
311,accessed account
312,maintain environment
313,review account
314,arrived number
315,interrupted service
316,ask you
317,verify details
318,block access
319,Verify Bank
320,maintaining environment
321,verify accountIf
322,click link
323,trust you
324,restore account
325,Upgrade Account
326,Confirm account
327,receive package
328,resolve problem
329,reactivate account
330,completing form
331,Submiting information
332,sent notice
333,includes enrolling
334,follow 0Ainstructions
335,visit below
336,protect you
337,apriciate assistance
338,verified you
